{"cameraMode":{"drawMode":0,"name":"Shaded","section":"Shading Mode"},"sceneLighting":true,"audioPlay":false,"sceneViewState":{"showFog":true,"showMaterialUpdate":false,"showSkybox":true,"showFlares":true,"showImageEffects":true,"showParticleSystems":true,"showVisualEffectGraphs":true,"m_FxEnabled":true},"in2DMode":false,"pivot":{"x":-0.4095032811164856,"y":0.34759587049484255,"z":22.433740615844728},"rotation":{"x":-0.06467150896787644,"y":0.9105911254882813,"z":-0.15613064169883729,"w":-0.37717872858047488},"size":4.8019843101501469,"orthographic":false}