{"cameraMode":{"drawMode":0,"name":"Shaded","section":"Shading Mode"},"sceneLighting":true,"audioPlay":false,"sceneViewState":{"showFog":true,"showMaterialUpdate":false,"showSkybox":true,"showFlares":true,"showImageEffects":true,"showParticleSystems":true,"showVisualEffectGraphs":true,"m_FxEnabled":true},"in2DMode":false,"pivot":{"x":-0.032956838607788089,"y":-4.9331865310668949,"z":-0.35196781158447268},"rotation":{"x":0.38506898283958437,"y":0.10103840380907059,"z":-0.04245373606681824,"w":0.9163618683815002},"size":7.16092586517334,"orthographic":false}